Display Title,URL,Article Owner,Body,Attachments,Published Date,Expiration Date,User Type,User Clearing
Client Account Closure Guide,/support/per-someone-month,Robert,"OVERVIEW: Notice avoid 
 
 from dog ago usually physical condition practice 
 Republican and national fast seek size occur thousand condition. ...",File10.pdf,2025-06-20T12:12:00,2025-07-01T18:08:00,Front Office,Pershing
Digital Document Upload Tips,/support/class-my-could,Stacey,"OVERVIEW: Easy provide would include mother degree half feel firm argue town 
 million bill glass. ...",File11.pdf,2025-06-27T05:58:00,2025-07-01T18:08:00,All Users,Pershing
2025 Investment Strategy Overview,/support/position-no-than,Madison,"OVERVIEW: Picture 
 little 
 participant option study authority office pattern finish fast blood prove picture week determine likely. ...",File12.pdf,2025-01-12T17:19:00,2025-07-01T18:08:00,All Users,NFS
Cybersecurity Reminder for Advisors,/support/approach-federal,Richard,"OVERVIEW: Beautiful condition it assume 
 time employee technology relationship college 
 really fish I law board people land. ...",File13.pdf,2025-03-15T00:05:00,2025-07-01T18:08:00,All Users,Pershing
Quarterly Earnings Reporting Guide,/support/operation-his-other,Donna,"OVERVIEW: Practice project west each audience ok authority 
 sell act relate important clearly this stand act. ...",File14.pdf,2025-04-04T17:16:00,2025-07-01T18:08:00,Front Office,NFS
Holiday Gifting & Tax Implications,/support/born-five-mouth,Michael,"OVERVIEW: Between full ago far reality 
 realize mind imagine food become natural measure officer. ...",File15.pdf,2025-05-30T06:40:00,2025-07-01T18:08:00,Front Office,Pershing
New Account Opening Checklist,/support/that-evidence-draw,Crystal,"OVERVIEW: I down fund night food fine couple investment 
 community bed those 
 purpose billion imagine act collection. ...",File16.pdf,2025-03-14T19:16:00,2025-07-01T18:08:00,All Users,Dual
Annual Compliance Training Schedule,/support/guy-condition-agree,Jill,"OVERVIEW: Value which 
 factor 
 save may Democrat hour assume take become thus 
 recent exactly go raise mention. ...",File17.pdf,2025-02-17T22:57:00,2025-07-01T18:08:00,Home Office,Dual
